year,state,Apache,Blackfoot,Cherokee,Cheyenne,Chickasaw,Chippewa,Choctaw,Comanche,Creek,Crow,Iroquois,Kiowa,Lumbee,Navajo,Osage,Paiute,Pima,Potawatomi,Pueblo,Seminole,Shoshone,Sioux,Tohono O'Odham,Alaska Native--Alaskan Athabaskan,Alaska Native--Aleut,Alaska Native--Eskimo,Alaska Native--Tlingit,American Indian and Alaska Native--All other tribes,American Indian and Alaska Native--Tribe not specified,Native Hawaiian and Other Pacific Islander--Polynesian,Native Hawaiian and Other Pacific Islander--Polynesian--Hawaiian,Native Hawaiian and Other Pacific Islander--Polynesian--Samoan,Native Hawaiian and Other Pacific Islander--Polynesian--Tongan,Native Hawaiian and Other Pacific Islander--Polynesian--Other Polynesian,Native Hawaiian and Other Pacific Islander--Micronesian,Native Hawaiian and Other Pacific Islander--Micronesian--Guamanian,Native Hawaiian and Other Pacific Islander--Micronesian--Other Micronesian,Native Hawaiian and Other Pacific Islander--Melanesian,Native Hawaiian and Other Pacific Islander--Melanesian--Fijian,Native Hawaiian and Other Pacific Islander--Melanesian--Other Melanesian,Native Hawaiian and Other Pacific Islander--Other
1990,Alabama,135,116,8152,18,56,95,2013,34,2639,24,105,8,67,72,15,3,4,45,20,83,4,159,3,6,89,105,4,396,2036,425,343,77,2,3,260,247,13,5,5,0,19
1990,Alaska,144,213,1183,52,49,333,243,44,71,29,108,18,35,138,56,25,20,47,149,60,38,336,11,11696,10052,44401,9448,4533,2166,1644,934,522,158,30,238,208,30,2,2,0,30
1990,Arizona,19080,299,3280,151,281,649,918,241,422,96,525,191,72,104682,141,339,12488,274,9831,103,151,1541,14167,58,234,284,82,17756,15191,2594,1690,416,388,100,812,709,103,25,20,5,76
1990,Arkansas,247,147,6661,72,180,130,1366,85,349,9,92,50,34,88,153,4,10,104,45,50,9,200,2,17,52,80,7,828,1702,287,226,55,1,5,109,95,14,4,0,4,5
1990,California,9089,5042,44215,861,2143,4541,8888,1399,3284,447,3208,637,511,8538,1295,4398,1076,1888,4047,1273,1570,7544,1127,319,3534,2552,681,67639,50418,75958,34447,31917,7919,1675,26625,25059,1566,5778,5744,34,2238
1990,Colorado,1389,434,4458,296,206,809,627,222,261,59,464,138,35,3604,243,64,45,289,704,137,155,3031,37,50,208,297,70,5205,4239,1805,1368,345,45,47,867,778,89,9,6,3,59
1990,Connecticut,72,233,912,20,17,106,57,17,26,10,414,5,21,64,5,5,1,22,33,57,8,136,7,10,99,83,20,2279,1915,373,269,85,3,16,216,202,14,8,7,1,23
1990,Delaware,29,56,388,3,4,21,15,2,7,2,53,0,34,18,1,1,6,14,8,15,4,39,0,1,18,19,0,805,456,91,65,23,1,2,73,63,10,0,0,0,5
1990,District Of Columbia,15,62,320,9,5,11,12,8,12,3,43,0,10,18,1,2,1,5,12,19,0,38,1,2,20,14,4,213,606,137,101,34,1,1,118,108,10,13,7,6,23
1990,Florida,804,885,10143,122,169,944,708,187,3942,95,1326,55,485,384,103,39,12,205,160,2290,82,895,19,50,443,431,39,3682,7636,2887,2049,577,122,139,1343,1241,102,35,32,3,181
1990,Georgia,260,226,5493,22,75,250,285,68,933,25,232,27,278,188,48,18,11,65,74,146,13,329,11,38,199,223,12,1043,2756,1292,847,412,5,28,647,594,53,26,26,0,52
1990,Hawaii,247,163,1354,28,26,86,151,32,51,14,131,19,33,143,40,14,11,42,78,44,26,224,14,38,206,155,26,793,910,157749,138742,15034,3088,885,3968,2120,1848,291,261,30,261
1990,Idaho,174,257,1212,78,43,366,182,32,76,50,110,30,16,715,34,175,29,69,57,18,617,574,19,30,54,132,72,7514,1045,719,476,145,51,47,144,95,49,6,6,0,4
1990,Illinois,522,661,4970,84,109,1781,566,131,219,53,843,47,95,394,79,15,37,332,132,85,39,1008,24,30,452,414,28,2715,5971,1418,1000,367,15,36,1153,1105,48,21,16,5,150
1990,Indiana,325,434,3656,59,55,489,212,62,108,25,297,15,54,139,48,9,15,281,78,47,24,517,5,22,97,170,20,2964,2493,709,528,151,15,15,232,217,15,3,1,2,13
1990,Iowa,135,135,1067,41,13,364,71,35,52,21,95,54,17,55,23,4,7,48,32,19,7,1539,1,6,65,67,11,2178,1187,321,244,59,10,8,96,81,15,1,0,1,21
1990,Kansas,421,246,6252,203,217,334,944,248,846,44,355,286,33,526,431,33,11,2154,155,214,39,946,37,43,84,114,39,4196,2514,666,422,218,9,17,335,268,67,2,1,1,39
1990,Kentucky,162,174,2471,22,42,140,96,40,74,16,110,15,27,85,24,5,6,26,44,49,10,186,0,13,73,82,4,404,1369,546,338,194,2,12,254,220,34,3,1,2,26
1990,Louisiana,331,105,2186,17,120,125,1627,52,332,22,114,15,36,101,90,9,4,67,31,58,19,193,3,16,88,92,8,8858,3822,591,411,169,2,9,320,291,29,2,2,0,13
1990,Maine,56,86,315,3,10,70,14,4,15,6,117,0,9,30,1,1,1,8,9,7,3,68,4,4,19,34,11,4324,769,165,115,39,2,9,63,58,5,2,2,0,3
1990,Maryland,206,386,3342,28,40,228,191,48,112,19,378,33,1038,221,57,15,8,46,98,87,21,300,12,11,202,169,23,2188,3465,806,636,154,2,14,657,581,76,24,19,5,84
1990,Massachusetts,172,427,1473,24,20,187,95,39,71,16,653,22,18,136,19,11,9,38,127,61,27,278,3,19,174,210,18,4264,3630,759,505,204,15,35,391,364,27,28,25,3,77
1990,Michigan,686,1322,9024,81,109,19884,401,106,199,63,2080,30,652,254,99,13,21,2267,109,130,53,1042,19,29,254,253,60,7735,8663,1006,787,191,12,16,356,283,73,20,15,5,100
1990,Minnesota,125,207,930,70,10,31995,157,32,73,36,343,24,12,145,19,30,19,124,80,24,22,5519,8,27,282,235,29,2184,7148,541,383,120,33,5,223,165,58,9,9,0,161
1990,Mississippi,73,67,729,4,43,53,5339,23,153,10,37,5,21,49,16,2,1,21,9,33,5,83,1,9,40,50,4,278,1367,246,166,78,0,2,75,70,5,0,0,0,16
1990,Missouri,424,513,8520,83,191,390,758,130,413,46,539,88,76,228,313,19,9,368,86,116,36,789,6,35,154,173,47,2204,3081,1484,621,775,45,43,446,272,174,25,23,2,51
1990,Montana,128,8712,600,3885,23,3167,72,22,24,6163,107,15,11,335,23,32,34,88,43,29,89,4815,21,16,49,106,23,15962,3085,237,179,49,4,5,48,43,5,6,6,0,10
1990,Nebraska,79,79,674,41,42,236,86,39,80,14,73,14,5,112,20,3,4,66,35,11,15,4226,0,7,28,38,11,4865,1507,310,243,54,5,8,153,117,36,3,2,1,11
1990,Nevada,474,324,2105,66,98,341,347,59,123,46,236,27,26,806,60,4204,35,133,315,67,2560,610,23,44,104,156,49,4062,2137,2268,1534,326,331,77,552,472,80,20,20,0,55
1990,New Hampshire,52,90,287,12,1,56,18,3,12,4,190,2,7,22,4,2,0,4,8,8,6,83,1,7,14,45,12,723,461,143,116,23,1,3,78,67,11,0,0,0,1
1990,New Jersey,179,431,2542,38,29,140,102,35,83,29,638,13,78,172,29,17,8,36,69,127,31,276,4,15,269,201,13,3321,6045,890,638,217,9,26,671,644,27,15,14,1,106
1990,New Mexico,5593,126,1538,168,187,330,627,208,219,56,215,196,26,77927,136,53,65,121,32746,91,92,895,81,28,96,162,38,1997,10338,565,408,119,13,25,188,149,39,3,3,0,5
1990,New York,456,1103,5545,69,57,510,229,71,162,53,18531,33,118,273,42,21,15,77,288,255,51,666,15,48,1042,754,39,6148,25980,2174,1496,586,30,62,1875,1803,72,65,58,7,343
1990,North Carolina,259,335,13074,28,68,317,232,59,216,30,1792,38,42397,276,37,9,13,45,70,96,33,780,14,27,178,152,13,5732,13835,1428,963,416,12,37,713,636,77,6,6,0,49
1990,North Dakota,22,66,115,58,5,12235,17,4,20,65,24,1,12,53,3,4,2,7,14,7,17,6984,0,5,9,38,2,4162,1966,87,76,9,1,1,43,30,13,2,2,0,13
1990,Ohio,523,979,7628,86,62,729,367,61,171,43,913,41,149,275,47,19,23,85,140,183,58,718,23,28,269,230,23,1945,4540,994,785,180,14,15,375,333,42,7,6,1,80
1990,Oklahoma,1760,390,94460,2991,12772,570,43062,5284,23955,90,1830,6357,74,924,4500,33,50,4468,357,6372,107,1156,52,43,129,202,16,23827,16589,944,712,203,6,23,580,451,129,8,3,5,29
1990,Oregon,679,1024,5538,211,197,1621,903,118,310,98,402,71,24,617,226,470,59,177,163,136,184,1932,49,170,508,545,382,16869,4813,3275,2415,565,169,126,1332,701,631,242,239,3,188
1990,Pennsylvania,313,600,3387,56,43,315,135,44,121,35,1156,28,223,212,21,24,10,68,66,175,31,494,12,34,259,264,27,2198,4382,1221,859,311,30,21,349,307,42,5,4,1,79
1990,Rhode Island,35,70,329,2,3,30,27,1,8,4,129,0,11,25,7,0,0,4,10,13,2,52,0,1,42,42,1,2135,1088,134,112,20,0,2,137,134,3,25,25,0,10
1990,South Carolina,87,120,2425,11,37,89,109,36,105,14,133,11,540,82,10,10,6,34,47,55,4,191,0,8,91,106,5,1479,2401,609,426,159,15,9,345,317,28,0,0,0,29
1990,South Dakota,36,81,194,229,5,539,36,17,29,34,54,16,3,151,10,8,3,20,36,25,15,44188,3,6,12,62,14,827,3922,117,74,13,22,8,56,50,6,2,2,0,10
1990,Tennessee,201,156,5053,15,79,208,460,73,201,12,170,19,113,100,44,18,5,59,50,48,6,234,6,5,84,96,11,603,1910,632,503,120,1,8,240,209,31,3,2,1,20
1990,Texas,2181,823,15980,265,2252,886,7967,1440,2134,102,748,539,185,1512,664,75,65,996,1277,504,124,1545,108,87,807,721,89,7336,14465,4725,2979,916,630,200,2516,2209,307,61,56,5,239
1990,Utah,331,157,767,86,41,257,135,40,82,41,134,14,14,12861,16,647,44,58,439,30,568,707,10,22,74,116,20,4342,2230,7313,1396,1570,3904,443,231,148,83,52,51,1,79
1990,Vermont,30,65,139,6,1,22,2,3,2,6,125,0,5,12,4,0,4,11,5,2,12,33,4,1,14,32,2,820,334,43,25,18,0,0,32,24,8,3,3,0,3
1990,Virginia,261,385,4144,53,87,363,336,132,246,34,487,37,576,266,61,23,21,86,165,111,29,510,26,27,189,200,36,3378,3013,1883,1384,440,6,53,1058,923,135,11,7,4,65
1990,Washington,747,2838,6376,371,252,3610,885,154,381,218,687,79,73,774,177,184,56,322,278,193,284,3084,34,482,2065,1791,2291,42687,10110,10199,5423,4130,448,198,4231,3779,452,303,293,10,307
1990,West Virginia,59,92,951,11,11,24,23,18,13,5,47,8,21,36,5,4,5,9,10,6,10,73,4,2,37,36,3,187,748,125,91,28,5,1,43,41,2,2,2,0,6
1990,Wisconsin,182,207,1163,37,33,12566,109,64,75,23,7423,32,32,116,19,13,31,922,44,14,22,597,9,32,220,181,28,11348,3845,485,371,106,2,6,247,229,18,9,2,7,60
1990,Wyoming,61,85,412,210,13,284,77,16,38,129,22,18,2,244,8,16,11,18,56,14,1883,892,1,14,16,37,10,4075,817,125,93,25,2,5,39,35,4,0,0,0,4
2000,Alabama,211,119,8980,15,75,157,2364,29,2796,19,115,20,101,95,8,3,3,36,38,66,6,172,2,18,24,23,16,753,5724,585,359,209,6,11,627,577,50,3,2,1,181
2000,Alaska,116,151,962,29,421,394,277,25,87,36,134,20,47,212,30,27,21,39,111,54,30,282,12,11910,8282,41481,9153,3295,18275,2671,695,1670,251,55,286,227,59,3,3,0,215
2000,Arizona,23404,293,3036,161,277,856,1254,176,411,107,544,171,77,125881,96,341,6438,265,10233,104,175,1777,15393,88,94,218,138,23202,37060,3992,1985,1197,696,114,1739,1354,385,52,47,5,810
2000,Arkansas,202,146,7619,75,205,158,1926,75,387,6,140,52,39,117,115,12,6,133,51,68,22,205,15,41,20,40,28,1131,4260,481,295,176,1,9,959,231,728,2,2,0,212
2000,California,9907,2945,27131,609,1651,3503,7540,1113,2082,294,2201,394,480,8034,835,3243,999,1355,4341,756,1074,5588,1143,315,527,656,751,106940,128531,71656,20571,37498,12111,1476,22898,20918,1980,7676,7631,45,12259
2000,Colorado,2141,430,4103,328,231,894,845,190,273,88,447,123,64,4784,177,78,46,326,950,127,139,3018,70,77,89,137,107,7679,14885,2586,1435,931,149,71,1376,1124,252,32,26,6,546
2000,Connecticut,65,156,620,11,19,99,47,19,28,1,242,5,21,53,3,6,2,17,46,24,5,124,5,12,9,11,17,3759,4063,663,365,277,5,16,311,281,30,17,13,4,371
2000,Delaware,21,32,342,3,14,31,24,1,7,1,60,3,32,25,2,2,6,9,5,5,1,22,0,1,0,3,1,1043,997,83,41,35,3,4,92,89,3,0,0,0,107
2000,District Of Columbia,10,41,172,3,9,17,15,3,7,1,25,5,13,20,3,0,2,9,14,4,1,20,2,0,3,2,4,304,964,194,138,51,1,4,70,62,8,9,2,7,72
2000,Florida,743,825,10166,111,192,1207,904,143,3837,64,1524,51,728,388,103,58,14,201,234,1933,67,922,21,89,80,137,108,8074,19385,3737,2131,1232,203,171,2691,2319,372,73,62,11,2020
2000,Georgia,296,235,5620,41,73,335,427,51,1007,19,315,17,389,196,54,14,9,86,113,145,18,357,29,39,36,66,30,2930,8316,1738,866,819,10,43,1777,1566,211,35,31,4,653
2000,Hawaii,134,71,494,13,19,72,69,20,49,10,70,8,23,136,16,9,10,16,67,27,13,101,8,25,25,39,37,601,1241,100884,80137,16166,3993,588,8155,1663,6492,240,214,26,872
2000,Idaho,163,219,1146,84,47,409,249,29,57,44,104,9,11,578,33,102,26,62,73,29,394,499,14,36,63,63,96,9504,3177,797,391,249,114,43,322,254,68,14,14,0,145
2000,Illinois,509,405,3903,67,67,1352,510,99,164,39,675,54,86,403,40,21,32,220,156,80,25,849,33,28,40,80,34,5571,14905,2117,1003,1062,18,34,1082,988,94,34,29,5,1352
2000,Indiana,300,371,3268,49,55,474,238,52,107,20,253,17,88,206,54,20,18,323,76,41,12,515,9,32,26,30,15,3120,5581,1046,606,385,28,27,517,470,47,13,7,6,403
2000,Iowa,121,106,786,45,16,354,106,29,65,20,74,41,18,79,19,12,14,47,34,11,11,1334,6,11,16,35,18,2695,2631,448,270,150,12,16,369,170,199,9,1,8,162
2000,Kansas,412,195,5860,200,223,298,1004,190,603,47,398,246,40,617,318,42,20,2109,143,189,38,853,22,29,33,56,48,4319,5571,665,391,255,13,6,452,325,127,10,5,5,163
2000,Kentucky,157,158,3095,34,42,164,183,36,85,22,120,9,70,107,21,7,10,26,45,27,6,227,9,16,15,23,17,728,2919,696,338,327,12,19,474,403,71,8,6,2,266
2000,Louisiana,191,122,2814,27,125,153,1490,52,344,11,105,34,35,111,63,14,7,56,76,46,16,180,8,28,20,19,21,9124,8496,643,373,253,4,13,383,342,41,10,7,3,191
2000,Maine,59,58,238,8,3,69,23,3,14,2,94,3,10,37,3,2,0,16,7,9,4,51,1,3,12,16,6,4659,1605,211,90,109,2,10,82,70,12,2,1,1,85
2000,Maryland,171,319,2612,31,55,185,204,44,95,22,350,20,922,161,40,6,11,42,100,72,16,257,9,18,9,28,24,3058,6286,947,583,321,13,30,784,708,76,38,23,15,507
2000,Massachusetts,119,299,936,9,23,156,73,13,53,9,492,14,29,138,12,10,17,22,85,35,19,200,7,15,24,46,22,4900,6968,1087,562,476,26,23,568,529,39,22,13,9,794
2000,Michigan,504,677,4926,69,90,21618,301,68,131,23,1530,23,592,271,31,16,42,2262,119,88,38,590,8,51,37,94,59,7137,15781,1295,734,505,37,19,760,622,138,17,11,6,588
2000,Minnesota,139,135,643,59,24,32184,190,29,75,33,266,35,31,140,14,19,25,124,85,32,35,5278,9,46,36,94,56,2535,12198,1175,593,508,38,36,312,266,46,27,11,16,451
2000,Mississippi,85,69,1152,13,77,88,6440,18,172,4,35,7,29,59,18,3,8,24,28,40,14,111,2,13,9,15,13,580,2383,358,197,157,2,2,241,213,28,2,1,1,56
2000,Missouri,400,421,9068,101,225,455,900,104,349,51,610,84,77,305,242,22,13,346,115,142,57,803,29,44,38,64,54,2636,6495,1784,594,1116,28,46,921,435,486,42,39,3,357
2000,Montana,150,10105,566,4466,27,2665,108,31,35,6944,62,28,8,405,22,39,20,96,63,13,85,5003,14,45,38,81,67,17665,6139,303,217,72,6,8,92,73,19,10,10,0,58
2000,Nebraska,93,67,543,47,36,191,108,29,74,7,51,20,20,178,7,4,6,73,41,16,7,3993,1,22,7,39,11,5921,3038,359,244,111,2,2,331,273,58,4,4,0,134
2000,Nevada,508,267,1815,66,103,396,385,58,129,41,204,55,27,1402,50,3963,70,134,326,46,1711,604,44,74,59,82,84,6083,6777,5806,3471,1474,728,133,1562,1346,216,81,78,3,772
2000,New Hampshire,33,108,263,9,8,68,32,9,9,4,171,4,26,48,1,2,2,7,20,13,1,97,0,11,11,20,7,883,1009,182,117,63,0,2,103,83,20,2,1,1,84
2000,New Jersey,109,245,1381,29,30,144,70,26,66,9,404,2,92,102,10,19,8,23,176,78,20,200,8,24,24,21,22,5099,10813,1228,634,563,7,24,830,779,51,16,15,1,1239
2000,New Mexico,6694,151,1451,138,185,393,650,219,177,82,223,149,28,102286,104,50,104,122,37271,77,101,994,111,54,34,75,48,3157,16379,829,498,290,15,26,399,363,36,8,4,4,244
2000,New York,354,678,3375,74,69,475,189,64,118,30,17654,22,162,252,43,14,21,57,469,137,25,571,56,66,43,93,46,15124,41413,3222,1684,1475,23,40,2062,1931,131,90,76,14,3404
2000,North Carolina,273,287,13002,48,89,394,296,73,260,25,1412,29,44545,314,50,10,20,79,95,106,38,524,10,36,52,60,37,8531,28147,1818,932,823,35,28,1547,1313,234,14,11,3,548
2000,North Dakota,31,62,90,51,13,13345,29,8,11,89,21,3,10,51,2,9,3,15,28,2,17,8563,5,3,6,13,3,3941,4716,105,52,52,1,0,86,30,56,0,0,0,36
2000,Ohio,424,685,6750,108,75,695,319,63,130,55,602,32,194,298,42,23,17,85,124,108,30,698,22,46,61,58,44,2890,8936,1399,788,565,11,35,680,618,62,18,12,6,623
2000,Oklahoma,2002,273,97317,2435,12610,521,43620,4964,22533,100,1957,5903,72,1060,3946,48,101,3995,406,6559,127,1165,40,54,98,89,67,24125,26744,1139,702,388,24,25,930,585,345,16,4,12,237
2000,Oregon,547,734,4221,182,240,1405,1120,93,318,65,365,72,56,686,167,419,69,206,237,92,134,1571,47,217,277,333,557,18724,10904,3946,2244,1124,457,121,2570,1015,1555,324,320,4,981
2000,Pennsylvania,216,453,2709,49,45,309,143,33,126,29,991,17,185,211,26,14,6,53,98,101,36,483,22,34,47,34,19,2796,8600,1723,897,734,46,46,723,646,77,21,8,13,925
2000,Rhode Island,22,65,232,3,7,22,9,2,5,0,64,1,9,15,1,4,5,15,18,5,3,29,1,6,3,3,5,2502,2019,196,114,80,1,1,253,248,5,4,4,0,113
2000,South Carolina,106,104,3062,17,76,157,150,35,153,9,164,11,933,117,13,8,4,40,29,37,17,227,10,28,20,30,17,2981,4900,699,391,277,7,24,590,489,101,6,6,0,323
2000,South Dakota,44,71,191,199,5,608,61,5,19,61,71,12,6,193,2,12,9,26,65,33,34,52064,9,10,14,21,15,1018,7125,151,79,47,24,1,62,58,4,5,5,0,34
2000,Tennessee,238,184,5499,30,102,333,536,56,225,23,309,29,187,140,49,17,13,78,65,51,21,347,6,25,29,31,19,1270,4834,1122,539,544,11,28,767,696,71,17,8,9,282
2000,Texas,2971,728,16596,233,2425,994,10051,1370,1832,98,773,514,336,1831,526,102,65,883,1652,524,105,1598,107,139,114,174,128,18318,50686,7254,3475,2491,1130,158,4297,3641,656,101,90,11,2590
2000,Utah,318,138,736,84,47,222,166,40,68,39,136,17,15,14634,24,668,32,63,327,30,589,655,24,24,18,75,29,4850,4936,12901,1251,4523,6587,540,520,202,318,82,80,2,835
2000,Vermont,27,79,138,14,2,41,22,2,4,2,127,1,3,11,2,5,3,2,5,0,4,37,1,4,4,8,2,1040,780,77,30,44,1,2,34,28,6,1,0,1,27
2000,Virginia,286,304,4078,52,96,359,413,79,228,22,541,44,693,383,60,14,13,150,171,99,26,519,15,21,44,58,58,4926,7016,1718,1023,631,27,37,1469,1310,159,38,27,11,656
2000,Washington,704,1999,4899,385,286,3138,1005,160,313,195,540,92,165,961,125,148,92,268,405,109,212,2554,30,528,1322,955,2615,46151,21012,13924,4883,8049,754,238,6702,5823,879,837,823,14,2037
2000,West Virginia,55,89,1178,11,11,51,29,12,17,9,68,2,33,55,3,4,3,6,12,9,5,90,0,3,4,9,5,307,1405,200,111,79,4,6,105,87,18,1,0,1,91
2000,Wisconsin,187,124,914,50,28,13069,143,49,64,21,7335,27,44,140,23,8,28,1157,49,28,23,649,14,55,32,69,40,13129,9151,820,458,333,11,18,393,332,61,13,8,5,392
2000,Wyoming,88,106,371,216,14,230,92,29,24,165,44,8,12,276,10,12,6,13,36,4,2132,702,3,6,13,12,7,4726,1589,171,75,63,25,8,73,65,8,1,1,0,55
2010,Alabama,148,150,9438,15,102,194,3397,44,3516,17,123,13,163,122,13,7,11,57,44,65,4,242,14,25,40,43,29,1749,7934,767,522,213,10,22,1989,1774,215,16,15,1,239
2010,Alaska,157,173,920,26,58,389,295,42,75,35,109,10,46,259,19,27,24,64,77,36,36,290,19,12318,7696,48270,8547,2909,20183,6156,949,4663,499,45,660,380,280,31,29,2,215
2010,Arizona,24987,351,3029,179,388,955,1539,218,416,118,593,199,128,131367,118,466,19455,330,1468,124,224,1826,16829,143,128,301,190,41419,44651,7203,3837,2000,1239,127,3860,2646,1214,160,146,14,1099
2010,Arkansas,224,136,8659,45,318,190,2702,98,579,6,153,67,68,171,169,17,9,228,53,81,28,265,18,42,28,63,30,1639,5581,747,537,178,18,14,4736,442,4294,22,21,1,326
2010,California,10803,2498,20969,543,1822,3095,7389,1150,2213,283,1636,388,413,8796,657,2390,1192,1393,2973,640,1011,5075,1408,378,488,626,739,128144,144452,81760,21423,40900,18329,1108,28010,24299,3711,19412,19355,57,11486
2010,Colorado,2592,388,3860,292,373,881,1097,248,322,99,377,101,87,6069,260,71,80,375,890,128,194,3420,72,115,140,280,168,9307,22184,3218,1783,1091,266,78,2471,1784,687,92,78,14,704
2010,Connecticut,63,126,519,18,20,108,48,13,35,10,206,3,48,73,5,5,3,17,62,9,9,104,12,16,4,15,15,4269,5231,495,322,155,6,12,534,455,79,16,14,2,372
2010,Delaware,25,31,392,1,3,34,26,1,14,0,41,2,32,27,1,2,6,26,4,5,1,33,2,2,2,3,2,1360,2059,115,74,34,3,4,228,215,13,1,0,1,52
2010,District Of Columbia,20,19,149,1,13,9,17,5,18,1,13,2,13,32,2,3,1,7,23,16,1,29,1,2,3,3,3,394,1253,107,75,29,2,1,119,111,8,21,18,3,51
2010,Florida,725,778,8943,103,330,1470,1200,169,3682,77,1425,83,997,519,135,50,22,333,187,2865,70,1000,28,132,83,190,153,14987,29460,4564,2809,1153,445,157,4645,3747,898,179,155,24,2718
2010,Georgia,297,280,5241,42,128,416,476,66,974,18,310,22,491,295,61,12,16,121,77,108,11,374,34,52,44,76,32,5090,16518,2324,1319,919,34,52,3405,2746,659,124,120,4,815
2010,Hawaii,156,90,476,11,31,77,103,17,33,3,56,10,29,220,17,15,13,19,81,18,7,105,8,29,43,59,42,733,1557,104114,80337,18287,4830,660,23629,2700,20929,329,282,47,1707
2010,Idaho,231,222,1174,91,85,444,311,36,74,50,88,15,30,780,47,123,31,92,52,30,568,506,38,82,64,89,141,10512,4992,1242,637,387,176,42,788,543,245,41,36,5,156
2010,Illinois,536,361,3462,59,88,1352,530,88,189,34,569,57,106,506,69,30,46,294,124,58,26,829,36,44,53,115,49,8602,25064,1697,1122,492,44,39,1245,1100,145,88,80,8,957
2010,Indiana,277,375,3036,43,83,618,323,64,186,36,255,24,101,230,39,18,12,368,62,27,26,508,11,23,40,63,43,3865,7261,1138,728,326,60,24,770,636,134,22,15,7,380
2010,Iowa,105,109,768,41,47,367,120,40,59,20,79,37,27,112,19,14,19,75,15,22,8,1417,7,18,21,34,22,3669,3540,548,381,128,23,16,1147,313,834,7,5,2,263
2010,Kansas,466,193,5642,157,312,360,1156,212,766,77,413,233,69,731,407,39,39,2511,109,172,32,898,27,26,57,54,41,5172,7093,876,505,325,29,17,1021,571,450,31,30,1,263
2010,Kentucky,154,155,2783,29,52,224,181,30,90,16,153,17,94,133,28,12,13,59,43,44,11,257,8,26,21,38,16,1223,3965,949,541,368,20,20,1184,866,318,38,26,12,259
2010,Louisiana,158,124,2712,17,155,144,1644,61,323,10,94,21,71,139,41,17,8,78,36,48,21,223,4,39,16,18,17,12506,11454,755,466,252,22,15,836,738,98,20,19,1,301
2010,Maine,38,56,246,4,15,81,28,8,18,7,84,5,19,53,6,7,1,15,9,12,2,86,3,7,22,35,6,5618,1918,192,115,67,3,7,86,67,19,6,3,3,44
2010,Maryland,146,268,2198,33,50,228,176,50,108,29,246,17,1100,251,33,11,8,55,82,71,8,241,13,23,27,59,29,4249,10328,991,634,308,26,23,1486,1319,167,68,51,17,561
2010,Massachusetts,78,246,787,11,33,201,91,24,50,6,413,11,47,158,19,5,17,48,89,31,18,171,11,16,16,39,27,6485,9419,766,520,210,23,13,752,671,81,38,32,6,642
2010,Michigan,379,496,3396,39,92,23564,366,94,238,18,1260,15,629,292,30,10,18,2881,78,58,29,614,13,64,54,86,67,8414,17457,1187,753,359,54,21,729,521,208,42,36,6,616
2010,Minnesota,133,123,528,62,32,33165,167,45,58,59,238,28,33,225,23,18,17,163,47,24,25,5418,19,46,61,104,29,3392,16291,948,573,299,60,16,697,378,319,48,40,8,440
2010,Mississippi,107,53,947,13,100,87,7539,20,171,9,41,5,37,87,18,7,6,49,15,57,6,131,3,22,17,16,8,1009,4222,397,252,135,5,5,636,560,76,5,5,0,135
2010,Missouri,392,375,8081,84,345,493,1141,120,463,43,700,66,105,344,246,18,26,401,101,116,53,825,18,56,57,75,69,3658,8115,2632,958,1557,74,43,2804,969,1835,54,50,4,611
2010,Montana,162,11210,473,5232,36,2528,126,26,30,7949,65,18,18,434,29,43,13,113,57,25,122,1809,22,49,57,111,76,22345,8318,443,295,123,17,8,123,107,16,15,13,2,75
2010,Nebraska,91,57,448,44,40,219,130,16,65,8,68,12,13,168,4,10,17,88,20,9,22,4294,2,19,9,30,11,7210,5097,405,227,164,12,2,681,501,180,20,15,5,151
2010,Nevada,642,236,1682,55,179,476,548,72,155,39,216,40,53,1821,58,4027,70,171,301,54,1317,640,66,65,75,114,110,8662,9405,10932,6459,3202,1100,171,4025,3513,512,254,251,3,1055
2010,New Hampshire,36,101,259,3,12,65,40,6,14,3,137,3,27,48,6,6,0,11,18,7,2,71,1,4,14,32,5,1010,1095,151,120,25,3,3,136,110,26,4,4,0,90
2010,New Jersey,103,213,1344,11,42,130,78,20,65,9,326,4,98,110,19,24,7,45,125,54,17,174,11,21,24,24,23,8092,17575,955,674,234,17,30,977,915,62,52,43,9,1032
2010,New Mexico,7778,165,1221,184,235,430,792,240,242,99,205,1202,43,108306,100,58,138,142,38321,93,97,1136,171,65,40,114,99,4435,24224,1024,660,302,16,46,482,420,62,24,22,2,241
2010,New York,337,606,2714,47,68,548,263,69,155,52,16957,24,127,347,31,25,13,83,556,107,22,628,59,57,48,111,60,23138,58832,2674,1802,685,80,107,2444,2235,209,174,157,17,3378
2010,North Carolina,295,348,13942,66,127,566,437,78,278,25,1515,42,52905,418,53,27,27,114,86,96,36,533,28,58,83,98,52,12158,36810,2212,1389,716,54,53,3436,2505,931,40,34,6,830
2010,North Dakota,28,34,103,74,9,14977,34,8,7,78,23,3,10,98,2,7,8,17,22,4,34,10149,1,10,5,26,12,3046,7583,152,88,49,8,7,124,65,59,6,6,0,31
2010,Ohio,362,642,5386,57,111,807,339,84,169,38,570,33,235,310,47,21,15,125,75,87,28,613,22,47,43,83,48,3897,10260,1686,928,702,30,26,1573,1145,428,62,46,16,703
2010,Oklahoma,2125,225,114533,2152,16826,541,51431,6413,28364,118,2398,5724,79,1310,4746,35,85,5428,300,7429,109,1280,55,72,102,122,70,27509,33951,1387,942,411,27,7,2429,924,1505,32,27,5,424
2010,Oregon,659,737,4027,190,336,1388,1416,78,312,87,340,62,64,824,235,466,117,307,152,93,113,1513,51,274,329,388,647,22892,13156,5449,3060,1559,759,71,5648,1755,3893,669,646,23,1289
2010,Pennsylvania,215,447,2612,50,50,348,227,49,130,23,942,40,250,252,18,9,19,85,92,105,36,491,34,58,63,56,48,4700,14906,1519,940,453,85,41,1076,968,108,55,39,16,951
2010,Rhode Island,14,61,196,2,9,23,9,5,4,0,60,1,15,28,1,0,0,6,12,6,1,54,7,3,0,13,1,2795,2623,143,96,40,3,4,244,232,12,25,25,0,132
2010,South Carolina,144,134,3126,13,108,204,218,46,196,12,280,12,1585,152,24,3,7,57,49,51,4,319,16,26,17,37,39,4843,7498,834,570,225,27,12,1515,1046,469,13,12,1,302
2010,South Dakota,59,81,155,263,14,576,72,22,21,66,42,15,8,218,10,9,10,40,31,41,29,55948,5,36,20,31,14,1298,12423,168,95,44,27,2,156,148,8,12,12,0,49
2010,Tennessee,263,171,5327,41,172,428,730,46,309,22,308,28,275,228,58,34,25,133,61,81,13,338,13,28,47,70,49,2858,7417,1329,771,516,26,16,1817,1507,310,25,21,4,428
2010,Texas,4729,738,17084,263,3861,1164,12722,1647,2302,119,751,540,403,2759,739,130,150,1373,1904,585,148,1936,164,183,159,257,182,26669,84762,9747,4794,2918,1836,199,8676,6591,2085,319,308,11,2504
2010,Utah,342,125,747,89,66,225,245,51,98,45,150,16,25,14542,25,768,61,86,202,29,552,665,32,38,36,73,51,5949,6872,20182,1911,8246,9395,630,1737,493,1244,175,161,14,965
2010,Vermont,29,62,121,4,4,31,19,5,3,2,102,1,6,20,1,1,2,13,2,0,5,35,0,7,2,6,0,1026,626,74,47,24,0,3,56,43,13,8,5,3,20
2010,Virginia,293,315,3625,44,154,440,484,98,292,44,560,47,798,419,69,13,20,130,135,83,26,473,25,45,59,112,52,7234,12660,2288,1410,749,83,46,2614,2222,392,91,79,12,851
2010,Washington,757,2020,4482,312,315,3035,1196,134,355,229,498,90,165,1319,133,184,82,367,300,123,218,2497,58,644,1411,986,3019,54487,22474,20465,5861,13110,1268,226,14342,9746,4596,2031,2016,15,2486
2010,West Virginia,45,120,1085,9,25,65,42,7,22,8,92,2,52,53,2,8,9,13,6,7,10,84,0,1,5,29,19,427,1434,209,141,51,10,7,111,80,31,23,1,22,78
2010,Wisconsin,202,149,824,39,63,14137,124,84,70,20,4247,21,63,198,35,22,46,1377,39,33,13,768,11,50,32,87,42,20077,11021,770,547,184,19,20,586,387,199,30,23,7,406
2010,Wyoming,86,106,376,172,36,260,126,17,24,156,43,6,6,358,11,16,6,29,28,13,2449,841,12,17,15,22,13,5738,2179,245,147,70,17,11,121,101,20,2,2,0,48
2010,Puerto Rico,24,0,24,1,3,3,19,2,1,0,7,0,0,12,0,0,0,0,27,2,0,3,4,6,8,7,1,5355,14281,150,120,30,0,0,32,30,2,2,2,0,183